{
    "type":  "Feature",
    "properties":  {
                       "name":  "전주시",
                       "source":  "OpenStreetMap/Nominatim",
                       "osm_type":  "relation",
                       "osm_id":  7619919,
                       "licence":  "Data © OpenStreetMap contributors, ODbL 1.0. http://osm.org/copyright",
                       "retrieved_at":  "2026-06-12"
                   },
    "geometry":  {
                     "type":  "Polygon",
                     "coordinates":  [
                                         [
                                             [
                                                 126.9978435,
                                                 35.8841789
                                             ],
                                             [
                                                 126.9981181,
                                                 35.8841372
                                             ],
                                             [
                                                 126.9986774,
                                                 35.8839494
                                             ],
                                             [
                                                 126.9994082,
                                                 35.8836351
                                             ],
                                             [
                                                 126.9995132,
                                                 35.8833968
                                             ],
                                             [
                                                 126.9995115,
                                                 35.8832957
                                             ],
                                             [
                                                 126.9994551,
                                                 35.8830932
                                             ],
                                             [
                                                 126.9994128,
                                                 35.8829997
                                             ],
                                             [
                                                 126.9992973,
                                                 35.8828119
                                             ],
                                             [
                                                 126.999058,
                                                 35.8825043
                                             ],
                                             [
                                                 126.9989972,
                                                 35.8822105
                                             ],
                                             [
                                                 126.9990284,
                                                 35.8821018
                                             ],
                                             [
                                                 126.999132,
                                                 35.8820193
                                             ],
                                             [
                                                 126.9992618,
                                                 35.8819776
                                             ],
                                             [
                                                 126.9995978,
                                                 35.8820162
                                             ],
                                             [
                                                 126.9999681,
                                                 35.88205
                                             ],
                                             [
                                                 127.0002016,
                                                 35.882003
                                             ],
                                             [
                                                 127.0005596,
                                                 35.8817538
                                             ],
                                             [
                                                 127.0007934,
                                                 35.8815617
                                             ],
                                             [
                                                 127.0014165,
                                                 35.8809635
                                             ],
                                             [
                                                 127.0019063,
                                                 35.8805351
                                             ],
                                             [
                                                 127.0026248,
                                                 35.8803853
                                             ],
                                             [
                                                 127.0030833,
                                                 35.8804038
                                             ],
                                             [
                                                 127.0033544,
                                                 35.8801737
                                             ],
                                             [
                                                 127.0033871,
                                                 35.8797921
                                             ],
                                             [
                                                 127.0031656,
                                                 35.8794316
                                             ],
                                             [
                                                 127.0031729,
                                                 35.8794156
                                             ],
                                             [
                                                 127.0035785,
                                                 35.8793035
                                             ],
                                             [
                                                 127.0039105,
                                                 35.8790689
                                             ],
                                             [
                                                 127.0042059,
                                                 35.8790553
                                             ],
                                             [
                                                 127.0045462,
                                                 35.8786137
                                             ],
                                             [
                                                 127.0052362,
                                                 35.8777553
                                             ],
                                             [
                                                 127.0051902,
                                                 35.8770312
                                             ],
                                             [
                                                 127.0051723,
                                                 35.8768371
                                             ],
                                             [
                                                 127.0051318,
                                                 35.8765096
                                             ],
                                             [
                                                 127.0051009,
                                                 35.8761927
                                             ],
                                             [
                                                 127.0054075,
                                                 35.8759784
                                             ],
                                             [
                                                 127.0063407,
                                                 35.8759209
                                             ],
                                             [
                                                 127.0065971,
                                                 35.8757029
                                             ],
                                             [
                                                 127.0066698,
                                                 35.8753866
                                             ],
                                             [
                                                 127.0068598,
                                                 35.8753883
                                             ],
                                             [
                                                 127.0074314,
                                                 35.8754094
                                             ],
                                             [
                                                 127.0075049,
                                                 35.8737584
                                             ],
                                             [
                                                 127.007437,
                                                 35.8736993
                                             ],
                                             [
                                                 127.0074296,
                                                 35.8736463
                                             ],
                                             [
                                                 127.0074921,
                                                 35.8727724
                                             ],
                                             [
                                                 127.007481,
                                                 35.8722004
                                             ],
                                             [
                                                 127.0074178,
                                                 35.8711654
                                             ],
                                             [
                                                 127.0072824,
                                                 35.8698943
                                             ],
                                             [
                                                 127.007268,
                                                 35.8698662
                                             ],
                                             [
                                                 127.0072516,
                                                 35.8694419
                                             ],
                                             [
                                                 127.0072303,
                                                 35.868997
                                             ],
                                             [
                                                 127.0072019,
                                                 35.8687483
                                             ],
                                             [
                                                 127.0072903,
                                                 35.8683971
                                             ],
                                             [
                                                 127.0074833,
                                                 35.8680822
                                             ],
                                             [
                                                 127.0075189,
                                                 35.8679907
                                             ],
                                             [
                                                 127.0073496,
                                                 35.8678479
                                             ],
                                             [
                                                 127.0072404,
                                                 35.867762
                                             ],
                                             [
                                                 127.0071207,
                                                 35.867613
                                             ],
                                             [
                                                 127.0071141,
                                                 35.8675993
                                             ],
                                             [
                                                 127.0071118,
                                                 35.8675691
                                             ],
                                             [
                                                 127.0071231,
                                                 35.8675336
                                             ],
                                             [
                                                 127.0070888,
                                                 35.8674767
                                             ],
                                             [
                                                 127.0069717,
                                                 35.8673599
                                             ],
                                             [
                                                 127.0069301,
                                                 35.8671914
                                             ],
                                             [
                                                 127.0069445,
                                                 35.8670439
                                             ],
                                             [
                                                 127.0069481,
                                                 35.866916
                                             ],
                                             [
                                                 127.0070235,
                                                 35.8667715
                                             ],
                                             [
                                                 127.0070464,
                                                 35.8667067
                                             ],
                                             [
                                                 127.0064786,
                                                 35.8666361
                                             ],
                                             [
                                                 127.0064168,
                                                 35.8660496
                                             ],
                                             [
                                                 127.0073819,
                                                 35.8660477
                                             ],
                                             [
                                                 127.0073712,
                                                 35.8658043
                                             ],
                                             [
                                                 127.0078325,
                                                 35.8657695
                                             ],
                                             [
                                                 127.0078862,
                                                 35.8647522
                                             ],
                                             [
                                                 127.0108902,
                                                 35.8646392
                                             ],
                                             [
                                                 127.0107829,
                                                 35.8636132
                                             ],
                                             [
                                                 127.013036,
                                                 35.8635262
                                             ],
                                             [
                                                 127.0130145,
                                                 35.8628394
                                             ],
                                             [
                                                 127.0140123,
                                                 35.8617786
                                             ],
                                             [
                                                 127.0146561,
                                                 35.8615786
                                             ],
                                             [
                                                 127.0149672,
                                                 35.8609612
                                             ],
                                             [
                                                 127.0138407,
                                                 35.8608569
                                             ],
                                             [
                                                 127.0126605,
                                                 35.8603265
                                             ],
                                             [
                                                 127.0157182,
                                                 35.8587091
                                             ],
                                             [
                                                 127.016598,
                                                 35.8606134
                                             ],
                                             [
                                                 127.0171773,
                                                 35.8606308
                                             ],
                                             [
                                                 127.0172953,
                                                 35.8612482
                                             ],
                                             [
                                                 127.0181429,
                                                 35.862022
                                             ],
                                             [
                                                 127.0185721,
                                                 35.8620568
                                             ],
                                             [
                                                 127.0190012,
                                                 35.862822
                                             ],
                                             [
                                                 127.0227027,
                                                 35.8638741
                                             ],
                                             [
                                                 127.022928,
                                                 35.8653869
                                             ],
                                             [
                                                 127.0238721,
                                                 35.8669954
                                             ],
                                             [
                                                 127.0253527,
                                                 35.8669954
                                             ],
                                             [
                                                 127.0267474,
                                                 35.8676214
                                             ],
                                             [
                                                 127.0268977,
                                                 35.8665085
                                             ],
                                             [
                                                 127.0272946,
                                                 35.8658303
                                             ],
                                             [
                                                 127.0268655,
                                                 35.8660738
                                             ],
                                             [
                                                 127.0263719,
                                                 35.8638045
                                             ],
                                             [
                                                 127.0274663,
                                                 35.8631089
                                             ],
                                             [
                                                 127.0271552,
                                                 35.8625263
                                             ],
                                             [
                                                 127.0281636,
                                                 35.8617003
                                             ],
                                             [
                                                 127.0272732,
                                                 35.8582223
                                             ],
                                             [
                                                 127.0267367,
                                                 35.857631
                                             ],
                                             [
                                                 127.0267582,
                                                 35.8567092
                                             ],
                                             [
                                                 127.0279705,
                                                 35.856144
                                             ],
                                             [
                                                 127.0295048,
                                                 35.8561875
                                             ],
                                             [
                                                 127.0296013,
                                                 35.8553527
                                             ],
                                             [
                                                 127.0293009,
                                                 35.8543006
                                             ],
                                             [
                                                 127.0313716,
                                                 35.8525526
                                             ],
                                             [
                                                 127.0315003,
                                                 35.8519787
                                             ],
                                             [
                                                 127.0320368,
                                                 35.8516657
                                             ],
                                             [
                                                 127.0341182,
                                                 35.8504656
                                             ],
                                             [
                                                 127.0365429,
                                                 35.8506743
                                             ],
                                             [
                                                 127.0388281,
                                                 35.8518135
                                             ],
                                             [
                                                 127.0400512,
                                                 35.8518048
                                             ],
                                             [
                                                 127.0409202,
                                                 35.8522918
                                             ],
                                             [
                                                 127.0430338,
                                                 35.8522831
                                             ],
                                             [
                                                 127.0448041,
                                                 35.8532309
                                             ],
                                             [
                                                 127.04813,
                                                 35.8531266
                                             ],
                                             [
                                                 127.0494818,
                                                 35.8524657
                                             ],
                                             [
                                                 127.0501255,
                                                 35.8511004
                                             ],
                                             [
                                                 127.0513272,
                                                 35.8486829
                                             ],
                                             [
                                                 127.0531618,
                                                 35.8460825
                                             ],
                                             [
                                                 127.0535427,
                                                 35.8439344
                                             ],
                                             [
                                                 127.0543608,
                                                 35.8431256
                                             ],
                                             [
                                                 127.0539907,
                                                 35.8424515
                                             ],
                                             [
                                                 127.0544171,
                                                 35.8422689
                                             ],
                                             [
                                                 127.0549214,
                                                 35.8415645
                                             ],
                                             [
                                                 127.0556081,
                                                 35.8404251
                                             ],
                                             [
                                                 127.0556616,
                                                 35.8396376
                                             ],
                                             [
                                                 127.0585851,
                                                 35.839621
                                             ],
                                             [
                                                 127.0585576,
                                                 35.8386924
                                             ],
                                             [
                                                 127.0585594,
                                                 35.8385645
                                             ],
                                             [
                                                 127.0585669,
                                                 35.838333
                                             ],
                                             [
                                                 127.0585792,
                                                 35.8380769
                                             ],
                                             [
                                                 127.058501,
                                                 35.8377375
                                             ],
                                             [
                                                 127.0584988,
                                                 35.8375861
                                             ],
                                             [
                                                 127.0584966,
                                                 35.8374347
                                             ],
                                             [
                                                 127.0584944,
                                                 35.8371319
                                             ],
                                             [
                                                 127.0585004,
                                                 35.8365085
                                             ],
                                             [
                                                 127.0585139,
                                                 35.8355627
                                             ],
                                             [
                                                 127.0585022,
                                                 35.8347973
                                             ],
                                             [
                                                 127.0584994,
                                                 35.8344245
                                             ],
                                             [
                                                 127.0584905,
                                                 35.8340468
                                             ],
                                             [
                                                 127.0584856,
                                                 35.8336465
                                             ],
                                             [
                                                 127.0584713,
                                                 35.8330268
                                             ],
                                             [
                                                 127.0579611,
                                                 35.8329082
                                             ],
                                             [
                                                 127.0568507,
                                                 35.8328348
                                             ],
                                             [
                                                 127.0550974,
                                                 35.8328922
                                             ],
                                             [
                                                 127.0514881,
                                                 35.8332364
                                             ],
                                             [
                                                 127.0511502,
                                                 35.8322536
                                             ],
                                             [
                                                 127.0503187,
                                                 35.829518
                                             ],
                                             [
                                                 127.0509088,
                                                 35.8293875
                                             ],
                                             [
                                                 127.0505784,
                                                 35.8279928
                                             ],
                                             [
                                                 127.0507734,
                                                 35.8275294
                                             ],
                                             [
                                                 127.051134,
                                                 35.8271925
                                             ],
                                             [
                                                 127.0526025,
                                                 35.8269019
                                             ],
                                             [
                                                 127.0534014,
                                                 35.8267768
                                             ],
                                             [
                                                 127.054079,
                                                 35.8264776
                                             ],
                                             [
                                                 127.0558118,
                                                 35.8255556
                                             ],
                                             [
                                                 127.0558333,
                                                 35.8248945
                                             ],
                                             [
                                                 127.0580489,
                                                 35.825399
                                             ],
                                             [
                                                 127.0586234,
                                                 35.8253572
                                             ],
                                             [
                                                 127.0587903,
                                                 35.825345
                                             ],
                                             [
                                                 127.0602105,
                                                 35.8252516
                                             ],
                                             [
                                                 127.062372,
                                                 35.8250884
                                             ],
                                             [
                                                 127.0652101,
                                                 35.8249084
                                             ],
                                             [
                                                 127.0663486,
                                                 35.8248851
                                             ],
                                             [
                                                 127.0674872,
                                                 35.8249431
                                             ],
                                             [
                                                 127.0676458,
                                                 35.8247031
                                             ],
                                             [
                                                 127.0666802,
                                                 35.8240594
                                             ],
                                             [
                                                 127.0660794,
                                                 35.822624
                                             ],
                                             [
                                                 127.0654034,
                                                 35.8222152
                                             ],
                                             [
                                                 127.0657414,
                                                 35.821106
                                             ],
                                             [
                                                 127.0679569,
                                                 35.8182743
                                             ],
                                             [
                                                 127.0681608,
                                                 35.8167431
                                             ],
                                             [
                                                 127.0691264,
                                                 35.815325
                                             ],
                                             [
                                                 127.0692015,
                                                 35.8147943
                                             ],
                                             [
                                                 127.0674311,
                                                 35.8146551
                                             ],
                                             [
                                                 127.0675921,
                                                 35.8139417
                                             ],
                                             [
                                                 127.0676994,
                                                 35.8130542
                                             ],
                                             [
                                                 127.067281,
                                                 35.8121581
                                             ],
                                             [
                                                 127.0678281,
                                                 35.8114359
                                             ],
                                             [
                                                 127.0674205,
                                                 35.8100787
                                             ],
                                             [
                                                 127.0676243,
                                                 35.8083037
                                             ],
                                             [
                                                 127.0682359,
                                                 35.8075206
                                             ],
                                             [
                                                 127.0674586,
                                                 35.8064203
                                             ],
                                             [
                                                 127.0663797,
                                                 35.8048929
                                             ],
                                             [
                                                 127.0679676,
                                                 35.8041272
                                             ],
                                             [
                                                 127.0653391,
                                                 35.8029699
                                             ],
                                             [
                                                 127.0645451,
                                                 35.800081
                                             ],
                                             [
                                                 127.0645237,
                                                 35.7977315
                                             ],
                                             [
                                                 127.0645451,
                                                 35.7952252
                                             ],
                                             [
                                                 127.0649743,
                                                 35.7932933
                                             ],
                                             [
                                                 127.0650916,
                                                 35.790976
                                             ],
                                             [
                                                 127.0651527,
                                                 35.7909247
                                             ],
                                             [
                                                 127.0651888,
                                                 35.7908629
                                             ],
                                             [
                                                 127.065136,
                                                 35.790729
                                             ],
                                             [
                                                 127.0651357,
                                                 35.7906391
                                             ],
                                             [
                                                 127.0651151,
                                                 35.7906128
                                             ],
                                             [
                                                 127.0650907,
                                                 35.7905573
                                             ],
                                             [
                                                 127.0650962,
                                                 35.790522
                                             ],
                                             [
                                                 127.0651712,
                                                 35.7905
                                             ],
                                             [
                                                 127.0654398,
                                                 35.7904445
                                             ],
                                             [
                                                 127.0656649,
                                                 35.7903754
                                             ],
                                             [
                                                 127.0656889,
                                                 35.7903627
                                             ],
                                             [
                                                 127.0657988,
                                                 35.7903305
                                             ],
                                             [
                                                 127.066054,
                                                 35.790238
                                             ],
                                             [
                                                 127.0662009,
                                                 35.7901586
                                             ],
                                             [
                                                 127.0660133,
                                                 35.7898947
                                             ],
                                             [
                                                 127.065819,
                                                 35.7896653
                                             ],
                                             [
                                                 127.0657844,
                                                 35.7896319
                                             ],
                                             [
                                                 127.0650847,
                                                 35.7890556
                                             ],
                                             [
                                                 127.0644579,
                                                 35.7885132
                                             ],
                                             [
                                                 127.0645627,
                                                 35.7879628
                                             ],
                                             [
                                                 127.0650427,
                                                 35.787379
                                             ],
                                             [
                                                 127.0648695,
                                                 35.7869014
                                             ],
                                             [
                                                 127.0646133,
                                                 35.7863903
                                             ],
                                             [
                                                 127.0647694,
                                                 35.7863441
                                             ],
                                             [
                                                 127.065442,
                                                 35.7861604
                                             ],
                                             [
                                                 127.065671,
                                                 35.7861373
                                             ],
                                             [
                                                 127.0663516,
                                                 35.7860818
                                             ],
                                             [
                                                 127.0666725,
                                                 35.7860874
                                             ],
                                             [
                                                 127.0669562,
                                                 35.7859319
                                             ],
                                             [
                                                 127.067184,
                                                 35.7855832
                                             ],
                                             [
                                                 127.0674355,
                                                 35.785424
                                             ],
                                             [
                                                 127.0679741,
                                                 35.7853064
                                             ],
                                             [
                                                 127.0680994,
                                                 35.7850366
                                             ],
                                             [
                                                 127.0681236,
                                                 35.7847965
                                             ],
                                             [
                                                 127.0681539,
                                                 35.7845586
                                             ],
                                             [
                                                 127.0683322,
                                                 35.784229
                                             ],
                                             [
                                                 127.0683807,
                                                 35.7841466
                                             ],
                                             [
                                                 127.0686205,
                                                 35.7838609
                                             ],
                                             [
                                                 127.0686186,
                                                 35.7836297
                                             ],
                                             [
                                                 127.0693382,
                                                 35.7833317
                                             ],
                                             [
                                                 127.0696774,
                                                 35.7832969
                                             ],
                                             [
                                                 127.0697002,
                                                 35.7832887
                                             ],
                                             [
                                                 127.069781,
                                                 35.7831878
                                             ],
                                             [
                                                 127.0701366,
                                                 35.7828964
                                             ],
                                             [
                                                 127.0704505,
                                                 35.7827833
                                             ],
                                             [
                                                 127.0708608,
                                                 35.782628
                                             ],
                                             [
                                                 127.0710943,
                                                 35.7823062
                                             ],
                                             [
                                                 127.0711709,
                                                 35.7821128
                                             ],
                                             [
                                                 127.0713079,
                                                 35.7818853
                                             ],
                                             [
                                                 127.0711108,
                                                 35.7815449
                                             ],
                                             [
                                                 127.0711398,
                                                 35.7809554
                                             ],
                                             [
                                                 127.0721519,
                                                 35.779879
                                             ],
                                             [
                                                 127.0721121,
                                                 35.779573
                                             ],
                                             [
                                                 127.0722359,
                                                 35.779219
                                             ],
                                             [
                                                 127.0723736,
                                                 35.7789807
                                             ],
                                             [
                                                 127.0723778,
                                                 35.7789259
                                             ],
                                             [
                                                 127.0723509,
                                                 35.7788161
                                             ],
                                             [
                                                 127.0722744,
                                                 35.7783922
                                             ],
                                             [
                                                 127.072273,
                                                 35.7772452
                                             ],
                                             [
                                                 127.0724757,
                                                 35.7770405
                                             ],
                                             [
                                                 127.072672,
                                                 35.7768763
                                             ],
                                             [
                                                 127.0726924,
                                                 35.7768645
                                             ],
                                             [
                                                 127.0728954,
                                                 35.7767938
                                             ],
                                             [
                                                 127.0733046,
                                                 35.776776
                                             ],
                                             [
                                                 127.0733831,
                                                 35.7766633
                                             ],
                                             [
                                                 127.0735967,
                                                 35.7764229
                                             ],
                                             [
                                                 127.0735982,
                                                 35.776394
                                             ],
                                             [
                                                 127.0735785,
                                                 35.7762012
                                             ],
                                             [
                                                 127.0735831,
                                                 35.7761597
                                             ],
                                             [
                                                 127.0737057,
                                                 35.7758446
                                             ],
                                             [
                                                 127.0737325,
                                                 35.7758235
                                             ],
                                             [
                                                 127.0742416,
                                                 35.7756304
                                             ],
                                             [
                                                 127.0742526,
                                                 35.775616
                                             ],
                                             [
                                                 127.0741595,
                                                 35.775243
                                             ],
                                             [
                                                 127.0740315,
                                                 35.7751316
                                             ],
                                             [
                                                 127.0739018,
                                                 35.7750101
                                             ],
                                             [
                                                 127.0738779,
                                                 35.7750008
                                             ],
                                             [
                                                 127.0737728,
                                                 35.7749974
                                             ],
                                             [
                                                 127.0736499,
                                                 35.7746969
                                             ],
                                             [
                                                 127.0735875,
                                                 35.7745331
                                             ],
                                             [
                                                 127.0735787,
                                                 35.7741517
                                             ],
                                             [
                                                 127.0734745,
                                                 35.7737618
                                             ],
                                             [
                                                 127.0734669,
                                                 35.7737541
                                             ],
                                             [
                                                 127.073163,
                                                 35.7736157
                                             ],
                                             [
                                                 127.0731593,
                                                 35.773614
                                             ],
                                             [
                                                 127.0728331,
                                                 35.7734564
                                             ],
                                             [
                                                 127.0726713,
                                                 35.7733659
                                             ],
                                             [
                                                 127.0721439,
                                                 35.7737222
                                             ],
                                             [
                                                 127.0714604,
                                                 35.7734132
                                             ],
                                             [
                                                 127.0710343,
                                                 35.7735328
                                             ],
                                             [
                                                 127.0706841,
                                                 35.7737383
                                             ],
                                             [
                                                 127.0701799,
                                                 35.7730683
                                             ],
                                             [
                                                 127.0699728,
                                                 35.7728784
                                             ],
                                             [
                                                 127.0694485,
                                                 35.7726414
                                             ],
                                             [
                                                 127.069276,
                                                 35.7724631
                                             ],
                                             [
                                                 127.0691364,
                                                 35.7722103
                                             ],
                                             [
                                                 127.068572,
                                                 35.7719509
                                             ],
                                             [
                                                 127.0681899,
                                                 35.7720021
                                             ],
                                             [
                                                 127.0682228,
                                                 35.7716013
                                             ],
                                             [
                                                 127.0682442,
                                                 35.7715683
                                             ],
                                             [
                                                 127.0683602,
                                                 35.7714211
                                             ],
                                             [
                                                 127.0679072,
                                                 35.7713678
                                             ],
                                             [
                                                 127.0673856,
                                                 35.7714322
                                             ],
                                             [
                                                 127.0671784,
                                                 35.7712488
                                             ],
                                             [
                                                 127.0669758,
                                                 35.7709086
                                             ],
                                             [
                                                 127.0666753,
                                                 35.7706229
                                             ],
                                             [
                                                 127.0663515,
                                                 35.7704142
                                             ],
                                             [
                                                 127.0660227,
                                                 35.7702631
                                             ],
                                             [
                                                 127.065473,
                                                 35.7702789
                                             ],
                                             [
                                                 127.0651295,
                                                 35.7700741
                                             ],
                                             [
                                                 127.0648517,
                                                 35.7699341
                                             ],
                                             [
                                                 127.0645465,
                                                 35.7697881
                                             ],
                                             [
                                                 127.064148,
                                                 35.7696087
                                             ],
                                             [
                                                 127.0642881,
                                                 35.7693127
                                             ],
                                             [
                                                 127.0644501,
                                                 35.7691525
                                             ],
                                             [
                                                 127.0644687,
                                                 35.7688746
                                             ],
                                             [
                                                 127.0644948,
                                                 35.7686825
                                             ],
                                             [
                                                 127.0648092,
                                                 35.7683104
                                             ],
                                             [
                                                 127.0649941,
                                                 35.7680167
                                             ],
                                             [
                                                 127.0649813,
                                                 35.7679826
                                             ],
                                             [
                                                 127.0650892,
                                                 35.7676159
                                             ],
                                             [
                                                 127.0646833,
                                                 35.7673132
                                             ],
                                             [
                                                 127.0642103,
                                                 35.7668846
                                             ],
                                             [
                                                 127.0639074,
                                                 35.7667965
                                             ],
                                             [
                                                 127.0635858,
                                                 35.7668016
                                             ],
                                             [
                                                 127.0631824,
                                                 35.7665852
                                             ],
                                             [
                                                 127.0630155,
                                                 35.7663441
                                             ],
                                             [
                                                 127.062993,
                                                 35.7663334
                                             ],
                                             [
                                                 127.0628803,
                                                 35.7663198
                                             ],
                                             [
                                                 127.0624742,
                                                 35.7664348
                                             ],
                                             [
                                                 127.0624538,
                                                 35.7664329
                                             ],
                                             [
                                                 127.0620691,
                                                 35.7662872
                                             ],
                                             [
                                                 127.0620623,
                                                 35.7662818
                                             ],
                                             [
                                                 127.0619489,
                                                 35.7660004
                                             ],
                                             [
                                                 127.0619233,
                                                 35.7659636
                                             ],
                                             [
                                                 127.0619034,
                                                 35.7659543
                                             ],
                                             [
                                                 127.0617556,
                                                 35.7658463
                                             ],
                                             [
                                                 127.0615625,
                                                 35.7657425
                                             ],
                                             [
                                                 127.0615309,
                                                 35.7657169
                                             ],
                                             [
                                                 127.0613224,
                                                 35.7655176
                                             ],
                                             [
                                                 127.0611922,
                                                 35.7654251
                                             ],
                                             [
                                                 127.060947,
                                                 35.7654029
                                             ],
                                             [
                                                 127.0604802,
                                                 35.7653033
                                             ],
                                             [
                                                 127.0602135,
                                                 35.7653455
                                             ],
                                             [
                                                 127.0597242,
                                                 35.7653462
                                             ],
                                             [
                                                 127.0594787,
                                                 35.7654825
                                             ],
                                             [
                                                 127.0594539,
                                                 35.7654891
                                             ],
                                             [
                                                 127.059029,
                                                 35.7653223
                                             ],
                                             [
                                                 127.0586316,
                                                 35.7652246
                                             ],
                                             [
                                                 127.0582691,
                                                 35.7652098
                                             ],
                                             [
                                                 127.0578822,
                                                 35.7652125
                                             ],
                                             [
                                                 127.0575787,
                                                 35.765031
                                             ],
                                             [
                                                 127.0568288,
                                                 35.7643104
                                             ],
                                             [
                                                 127.0563168,
                                                 35.7642396
                                             ],
                                             [
                                                 127.056252,
                                                 35.7642529
                                             ],
                                             [
                                                 127.0561978,
                                                 35.7642731
                                             ],
                                             [
                                                 127.055826,
                                                 35.7643805
                                             ],
                                             [
                                                 127.0549731,
                                                 35.7645558
                                             ],
                                             [
                                                 127.0547603,
                                                 35.7643297
                                             ],
                                             [
                                                 127.0545931,
                                                 35.7642012
                                             ],
                                             [
                                                 127.0541673,
                                                 35.7640427
                                             ],
                                             [
                                                 127.0537887,
                                                 35.7638522
                                             ],
                                             [
                                                 127.0535005,
                                                 35.7637563
                                             ],
                                             [
                                                 127.0533508,
                                                 35.7633932
                                             ],
                                             [
                                                 127.0531325,
                                                 35.762541
                                             ],
                                             [
                                                 127.0530448,
                                                 35.7622812
                                             ],
                                             [
                                                 127.0529068,
                                                 35.7616803
                                             ],
                                             [
                                                 127.0528199,
                                                 35.7613571
                                             ],
                                             [
                                                 127.052489,
                                                 35.7611011
                                             ],
                                             [
                                                 127.0522252,
                                                 35.7607652
                                             ],
                                             [
                                                 127.0519898,
                                                 35.7603492
                                             ],
                                             [
                                                 127.0516649,
                                                 35.7600253
                                             ],
                                             [
                                                 127.051336,
                                                 35.7600736
                                             ],
                                             [
                                                 127.0513135,
                                                 35.7600685
                                             ],
                                             [
                                                 127.0513449,
                                                 35.7598859
                                             ],
                                             [
                                                 127.0513646,
                                                 35.7596418
                                             ],
                                             [
                                                 127.0513718,
                                                 35.7595689
                                             ],
                                             [
                                                 127.0511079,
                                                 35.7583993
                                             ],
                                             [
                                                 127.0510349,
                                                 35.7578574
                                             ],
                                             [
                                                 127.0509409,
                                                 35.757418
                                             ],
                                             [
                                                 127.0510024,
                                                 35.7572729
                                             ],
                                             [
                                                 127.0509693,
                                                 35.7572118
                                             ],
                                             [
                                                 127.050713,
                                                 35.75679
                                             ],
                                             [
                                                 127.0505606,
                                                 35.7566325
                                             ],
                                             [
                                                 127.0505317,
                                                 35.7565921
                                             ],
                                             [
                                                 127.0504365,
                                                 35.7563695
                                             ],
                                             [
                                                 127.0504325,
                                                 35.7563205
                                             ],
                                             [
                                                 127.0504178,
                                                 35.7555963
                                             ],
                                             [
                                                 127.0505786,
                                                 35.7552835
                                             ],
                                             [
                                                 127.0507623,
                                                 35.7551452
                                             ],
                                             [
                                                 127.0507982,
                                                 35.7551293
                                             ],
                                             [
                                                 127.0509983,
                                                 35.7550966
                                             ],
                                             [
                                                 127.0514252,
                                                 35.7551067
                                             ],
                                             [
                                                 127.0520107,
                                                 35.7548674
                                             ],
                                             [
                                                 127.05226,
                                                 35.7546952
                                             ],
                                             [
                                                 127.0525678,
                                                 35.7545058
                                             ],
                                             [
                                                 127.0530956,
                                                 35.7540844
                                             ],
                                             [
                                                 127.0534936,
                                                 35.7539228
                                             ],
                                             [
                                                 127.0537237,
                                                 35.7539522
                                             ],
                                             [
                                                 127.0541089,
                                                 35.7541376
                                             ],
                                             [
                                                 127.0546134,
                                                 35.7541426
                                             ],
                                             [
                                                 127.0552065,
                                                 35.7537215
                                             ],
                                             [
                                                 127.0563391,
                                                 35.7529328
                                             ],
                                             [
                                                 127.056408,
                                                 35.7529007
                                             ],
                                             [
                                                 127.0566474,
                                                 35.7528427
                                             ],
                                             [
                                                 127.0568527,
                                                 35.7529136
                                             ],
                                             [
                                                 127.0568788,
                                                 35.7529057
                                             ],
                                             [
                                                 127.0572154,
                                                 35.7525167
                                             ],
                                             [
                                                 127.0574233,
                                                 35.7523834
                                             ],
                                             [
                                                 127.0577203,
                                                 35.7524236
                                             ],
                                             [
                                                 127.0577476,
                                                 35.7524117
                                             ],
                                             [
                                                 127.0579738,
                                                 35.7522628
                                             ],
                                             [
                                                 127.0580042,
                                                 35.7522482
                                             ],
                                             [
                                                 127.058361,
                                                 35.7521388
                                             ],
                                             [
                                                 127.0593288,
                                                 35.7524683
                                             ],
                                             [
                                                 127.0598532,
                                                 35.7523396
                                             ],
                                             [
                                                 127.0605504,
                                                 35.7524857
                                             ],
                                             [
                                                 127.0612931,
                                                 35.7529105
                                             ],
                                             [
                                                 127.0618129,
                                                 35.7528819
                                             ],
                                             [
                                                 127.0621175,
                                                 35.7529378
                                             ],
                                             [
                                                 127.0622587,
                                                 35.75297
                                             ],
                                             [
                                                 127.0627243,
                                                 35.7530979
                                             ],
                                             [
                                                 127.0632098,
                                                 35.7530985
                                             ],
                                             [
                                                 127.0635854,
                                                 35.7528713
                                             ],
                                             [
                                                 127.0640374,
                                                 35.7527253
                                             ],
                                             [
                                                 127.0642594,
                                                 35.752472
                                             ],
                                             [
                                                 127.0643952,
                                                 35.752317
                                             ],
                                             [
                                                 127.0643894,
                                                 35.7522506
                                             ],
                                             [
                                                 127.0643184,
                                                 35.7518245
                                             ],
                                             [
                                                 127.0642962,
                                                 35.751261
                                             ],
                                             [
                                                 127.0648257,
                                                 35.7506128
                                             ],
                                             [
                                                 127.065056,
                                                 35.7504556
                                             ],
                                             [
                                                 127.0656526,
                                                 35.7502929
                                             ],
                                             [
                                                 127.0660071,
                                                 35.7496439
                                             ],
                                             [
                                                 127.0661974,
                                                 35.7495631
                                             ],
                                             [
                                                 127.0666797,
                                                 35.7493464
                                             ],
                                             [
                                                 127.0669442,
                                                 35.7494306
                                             ],
                                             [
                                                 127.0673353,
                                                 35.7492348
                                             ],
                                             [
                                                 127.0679385,
                                                 35.7492138
                                             ],
                                             [
                                                 127.0681149,
                                                 35.7492076
                                             ],
                                             [
                                                 127.0682469,
                                                 35.7489583
                                             ],
                                             [
                                                 127.0686774,
                                                 35.7487192
                                             ],
                                             [
                                                 127.069035,
                                                 35.7486454
                                             ],
                                             [
                                                 127.0692927,
                                                 35.7485844
                                             ],
                                             [
                                                 127.0695923,
                                                 35.74838
                                             ],
                                             [
                                                 127.0697025,
                                                 35.7483435
                                             ],
                                             [
                                                 127.069985,
                                                 35.7478296
                                             ],
                                             [
                                                 127.070401,
                                                 35.7474738
                                             ],
                                             [
                                                 127.0705012,
                                                 35.7472517
                                             ],
                                             [
                                                 127.0704965,
                                                 35.7468316
                                             ],
                                             [
                                                 127.0703289,
                                                 35.7463599
                                             ],
                                             [
                                                 127.0704016,
                                                 35.7459649
                                             ],
                                             [
                                                 127.0704833,
                                                 35.7456181
                                             ],
                                             [
                                                 127.0705209,
                                                 35.7455012
                                             ],
                                             [
                                                 127.0706937,
                                                 35.7450146
                                             ],
                                             [
                                                 127.0707981,
                                                 35.7442221
                                             ],
                                             [
                                                 127.0707712,
                                                 35.7441342
                                             ],
                                             [
                                                 127.0706457,
                                                 35.7439579
                                             ],
                                             [
                                                 127.0706536,
                                                 35.7437
                                             ],
                                             [
                                                 127.0706489,
                                                 35.7431546
                                             ],
                                             [
                                                 127.070624,
                                                 35.7430245
                                             ],
                                             [
                                                 127.0703947,
                                                 35.7423898
                                             ],
                                             [
                                                 127.0703647,
                                                 35.7422315
                                             ],
                                             [
                                                 127.07036,
                                                 35.7421637
                                             ],
                                             [
                                                 127.0704043,
                                                 35.7420383
                                             ],
                                             [
                                                 127.0706721,
                                                 35.7412069
                                             ],
                                             [
                                                 127.0709953,
                                                 35.7407465
                                             ],
                                             [
                                                 127.071886,
                                                 35.7407291
                                             ],
                                             [
                                                 127.0731765,
                                                 35.7399445
                                             ],
                                             [
                                                 127.0734189,
                                                 35.7397852
                                             ],
                                             [
                                                 127.0743321,
                                                 35.7392678
                                             ],
                                             [
                                                 127.0748037,
                                                 35.7389646
                                             ],
                                             [
                                                 127.0755691,
                                                 35.7384093
                                             ],
                                             [
                                                 127.0759965,
                                                 35.7381388
                                             ],
                                             [
                                                 127.076281,
                                                 35.7379528
                                             ],
                                             [
                                                 127.0764522,
                                                 35.7378501
                                             ],
                                             [
                                                 127.0766449,
                                                 35.7377436
                                             ],
                                             [
                                                 127.076965,
                                                 35.7375672
                                             ],
                                             [
                                                 127.0771951,
                                                 35.7374382
                                             ],
                                             [
                                                 127.0773403,
                                                 35.737362
                                             ],
                                             [
                                                 127.0775104,
                                                 35.7372183
                                             ],
                                             [
                                                 127.0782015,
                                                 35.7366734
                                             ],
                                             [
                                                 127.0785757,
                                                 35.7363592
                                             ],
                                             [
                                                 127.0791196,
                                                 35.7355633
                                             ],
                                             [
                                                 127.0796646,
                                                 35.735046
                                             ],
                                             [
                                                 127.0803909,
                                                 35.734333
                                             ],
                                             [
                                                 127.0809066,
                                                 35.7338662
                                             ],
                                             [
                                                 127.0809701,
                                                 35.7335362
                                             ],
                                             [
                                                 127.0810905,
                                                 35.7328572
                                             ],
                                             [
                                                 127.0811767,
                                                 35.7323727
                                             ],
                                             [
                                                 127.0814901,
                                                 35.730453
                                             ],
                                             [
                                                 127.0824614,
                                                 35.7297972
                                             ],
                                             [
                                                 127.0830238,
                                                 35.7294175
                                             ],
                                             [
                                                 127.0851384,
                                                 35.7285738
                                             ],
                                             [
                                                 127.0855951,
                                                 35.7316383
                                             ],
                                             [
                                                 127.0882129,
                                                 35.734251
                                             ],
                                             [
                                                 127.0909166,
                                                 35.7364805
                                             ],
                                             [
                                                 127.0944786,
                                                 35.7379087
                                             ],
                                             [
                                                 127.0951223,
                                                 35.7403819
                                             ],
                                             [
                                                 127.095294,
                                                 35.7424719
                                             ],
                                             [
                                                 127.0957231,
                                                 35.7452932
                                             ],
                                             [
                                                 127.0985984,
                                                 35.7474527
                                             ],
                                             [
                                                 127.0991563,
                                                 35.7496121
                                             ],
                                             [
                                                 127.1010017,
                                                 35.7510053
                                             ],
                                             [
                                                 127.1111726,
                                                 35.7505525
                                             ],
                                             [
                                                 127.1162796,
                                                 35.7497515
                                             ],
                                             [
                                                 127.1202278,
                                                 35.7513536
                                             ],
                                             [
                                                 127.1215152,
                                                 35.7534433
                                             ],
                                             [
                                                 127.1243476,
                                                 35.7537219
                                             ],
                                             [
                                                 127.125678,
                                                 35.7575876
                                             ],
                                             [
                                                 127.1284675,
                                                 35.7561946
                                             ],
                                             [
                                                 127.1308279,
                                                 35.756508
                                             ],
                                             [
                                                 127.1373081,
                                                 35.7613835
                                             ],
                                             [
                                                 127.1400976,
                                                 35.7612094
                                             ],
                                             [
                                                 127.1431446,
                                                 35.7600254
                                             ],
                                             [
                                                 127.1458053,
                                                 35.7600254
                                             ],
                                             [
                                                 127.1454191,
                                                 35.7621497
                                             ],
                                             [
                                                 127.1464061,
                                                 35.7648659
                                             ],
                                             [
                                                 127.149496,
                                                 35.7668507
                                             ],
                                             [
                                                 127.1495819,
                                                 35.7683828
                                             ],
                                             [
                                                 127.1484232,
                                                 35.7690096
                                             ],
                                             [
                                                 127.1483802,
                                                 35.7703676
                                             ],
                                             [
                                                 127.1491956,
                                                 35.7723872
                                             ],
                                             [
                                                 127.1488952,
                                                 35.7740236
                                             ],
                                             [
                                                 127.1525001,
                                                 35.7771572
                                             ],
                                             [
                                                 127.1533155,
                                                 35.7792462
                                             ],
                                             [
                                                 127.1560192,
                                                 35.7808129
                                             ],
                                             [
                                                 127.1594524,
                                                 35.7820663
                                             ],
                                             [
                                                 127.1615982,
                                                 35.78325
                                             ],
                                             [
                                                 127.1637868,
                                                 35.7823796
                                             ],
                                             [
                                                 127.1665763,
                                                 35.7816485
                                             ],
                                             [
                                                 127.1716404,
                                                 35.7801514
                                             ],
                                             [
                                                 127.1746444,
                                                 35.7776099
                                             ],
                                             [
                                                 127.1761035,
                                                 35.7740933
                                             ],
                                             [
                                                 127.1790647,
                                                 35.7737451
                                             ],
                                             [
                                                 127.1808672,
                                                 35.7755905
                                             ],
                                             [
                                                 127.1848583,
                                                 35.7790025
                                             ],
                                             [
                                                 127.1871328,
                                                 35.7795248
                                             ],
                                             [
                                                 127.1912956,
                                                 35.7771224
                                             ],
                                             [
                                                 127.1952009,
                                                 35.7744415
                                             ],
                                             [
                                                 127.1982479,
                                                 35.7749637
                                             ],
                                             [
                                                 127.2003507,
                                                 35.7823448
                                             ],
                                             [
                                                 127.2016811,
                                                 35.7850255
                                             ],
                                             [
                                                 127.2018743,
                                                 35.785552
                                             ],
                                             [
                                                 127.201075,
                                                 35.7860438
                                             ],
                                             [
                                                 127.200914,
                                                 35.7863788
                                             ],
                                             [
                                                 127.199353,
                                                 35.7871317
                                             ],
                                             [
                                                 127.1997124,
                                                 35.7877322
                                             ],
                                             [
                                                 127.2013378,
                                                 35.7880499
                                             ],
                                             [
                                                 127.2020405,
                                                 35.7878018
                                             ],
                                             [
                                                 127.2044009,
                                                 35.7879672
                                             ],
                                             [
                                                 127.2062409,
                                                 35.7886982
                                             ],
                                             [
                                                 127.2061819,
                                                 35.7894902
                                             ],
                                             [
                                                 127.2064447,
                                                 35.78976
                                             ],
                                             [
                                                 127.2084832,
                                                 35.7919009
                                             ],
                                             [
                                                 127.2119164,
                                                 35.7941809
                                             ],
                                             [
                                                 127.2125602,
                                                 35.7974356
                                             ],
                                             [
                                                 127.2130805,
                                                 35.7975269
                                             ],
                                             [
                                                 127.2135794,
                                                 35.7979794
                                             ],
                                             [
                                                 127.2145343,
                                                 35.7979272
                                             ],
                                             [
                                                 127.2150224,
                                                 35.7982579
                                             ],
                                             [
                                                 127.215237,
                                                 35.7993935
                                             ],
                                             [
                                                 127.2161597,
                                                 35.7995893
                                             ],
                                             [
                                                 127.2170877,
                                                 35.8010207
                                             ],
                                             [
                                                 127.2171628,
                                                 35.8017256
                                             ],
                                             [
                                                 127.2178388,
                                                 35.8022999
                                             ],
                                             [
                                                 127.2187614,
                                                 35.8022825
                                             ],
                                             [
                                                 127.2198129,
                                                 35.8032309
                                             ],
                                             [
                                                 127.2205853,
                                                 35.8033266
                                             ],
                                             [
                                                 127.2212505,
                                                 35.8042403
                                             ],
                                             [
                                                 127.2223663,
                                                 35.8046492
                                             ],
                                             [
                                                 127.2243082,
                                                 35.806868
                                             ],
                                             [
                                                 127.2281276,
                                                 35.80853
                                             ],
                                             [
                                                 127.2282778,
                                                 35.8126976
                                             ],
                                             [
                                                 127.2301017,
                                                 35.8139678
                                             ],
                                             [
                                                 127.2302198,
                                                 35.8172912
                                             ],
                                             [
                                                 127.2307777,
                                                 35.8177784
                                             ],
                                             [
                                                 127.2310566,
                                                 35.8198489
                                             ],
                                             [
                                                 127.2319901,
                                                 35.8204318
                                             ],
                                             [
                                                 127.2327089,
                                                 35.8204057
                                             ],
                                             [
                                                 127.2332346,
                                                 35.8209015
                                             ],
                                             [
                                                 127.2338676,
                                                 35.8208319
                                             ],
                                             [
                                                 127.2343718,
                                                 35.8212669
                                             ],
                                             [
                                                 127.2342538,
                                                 35.8222153
                                             ],
                                             [
                                                 127.2320652,
                                                 35.8220586
                                             ],
                                             [
                                                 127.2315127,
                                                 35.8221499
                                             ],
                                             [
                                                 127.230767,
                                                 35.821915
                                             ],
                                             [
                                                 127.2270118,
                                                 35.8222326
                                             ],
                                             [
                                                 127.225408,
                                                 35.8213278
                                             ],
                                             [
                                                 127.2246945,
                                                 35.8214105
                                             ],
                                             [
                                                 127.2219478,
                                                 35.8200665
                                             ],
                                             [
                                                 127.2210681,
                                                 35.8202491
                                             ],
                                             [
                                                 127.2193837,
                                                 35.8197968
                                             ],
                                             [
                                                 127.2183859,
                                                 35.8206232
                                             ],
                                             [
                                                 127.2157143,
                                                 35.8211017
                                             ],
                                             [
                                                 127.2143733,
                                                 35.8222326
                                             ],
                                             [
                                                 127.2138476,
                                                 35.822276
                                             ],
                                             [
                                                 127.2123134,
                                                 35.8245726
                                             ],
                                             [
                                                 127.2114766,
                                                 35.8250859
                                             ],
                                             [
                                                 127.2107899,
                                                 35.8251295
                                             ],
                                             [
                                                 127.2095561,
                                                 35.8264777
                                             ],
                                             [
                                                 127.2090948,
                                                 35.8279304
                                             ],
                                             [
                                                 127.2078716,
                                                 35.8293483
                                             ],
                                             [
                                                 127.2089123,
                                                 35.8305052
                                             ],
                                             [
                                                 127.2086763,
                                                 35.831723
                                             ],
                                             [
                                                 127.2091162,
                                                 35.8317838
                                             ],
                                             [
                                                 127.2092879,
                                                 35.832297
                                             ],
                                             [
                                                 127.2099423,
                                                 35.8329668
                                             ],
                                             [
                                                 127.2096312,
                                                 35.834602
                                             ],
                                             [
                                                 127.2098671,
                                                 35.8351413
                                             ],
                                             [
                                                 127.2095239,
                                                 35.8356371
                                             ],
                                             [
                                                 127.2100496,
                                                 35.8362025
                                             ],
                                             [
                                                 127.2097814,
                                                 35.8376985
                                             ],
                                             [
                                                 127.2104251,
                                                 35.8387857
                                             ],
                                             [
                                                 127.2098994,
                                                 35.8400381
                                             ],
                                             [
                                                 127.2101354,
                                                 35.8409427
                                             ],
                                             [
                                                 127.2080004,
                                                 35.8429256
                                             ],
                                             [
                                                 127.2079146,
                                                 35.8441171
                                             ],
                                             [
                                                 127.2057152,
                                                 35.8444302
                                             ],
                                             [
                                                 127.2036123,
                                                 35.8484132
                                             ],
                                             [
                                                 127.2012305,
                                                 35.8500134
                                             ],
                                             [
                                                 127.2013485,
                                                 35.8515874
                                             ],
                                             [
                                                 127.2010589,
                                                 35.8525353
                                             ],
                                             [
                                                 127.1994603,
                                                 35.8536831
                                             ],
                                             [
                                                 127.1983445,
                                                 35.8536309
                                             ],
                                             [
                                                 127.1983659,
                                                 35.8543353
                                             ],
                                             [
                                                 127.1980977,
                                                 35.8545005
                                             ],
                                             [
                                                 127.1980119,
                                                 35.8561179
                                             ],
                                             [
                                                 127.2002649,
                                                 35.8565353
                                             ],
                                             [
                                                 127.2000718,
                                                 35.8575614
                                             ],
                                             [
                                                 127.1978188,
                                                 35.8581875
                                             ],
                                             [
                                                 127.196778,
                                                 35.8595265
                                             ],
                                             [
                                                 127.1964133,
                                                 35.8604656
                                             ],
                                             [
                                                 127.1954906,
                                                 35.8610308
                                             ],
                                             [
                                                 127.1945679,
                                                 35.8609352
                                             ],
                                             [
                                                 127.1941924,
                                                 35.8607178
                                             ],
                                             [
                                                 127.1939993,
                                                 35.8609526
                                             ],
                                             [
                                                 127.1920144,
                                                 35.8600917
                                             ],
                                             [
                                                 127.1920252,
                                                 35.8597178
                                             ],
                                             [
                                                 127.1898794,
                                                 35.8593962
                                             ],
                                             [
                                                 127.1875727,
                                                 35.8570049
                                             ],
                                             [
                                                 127.1878517,
                                                 35.8560744
                                             ],
                                             [
                                                 127.1871328,
                                                 35.8554223
                                             ],
                                             [
                                                 127.1864676,
                                                 35.8553353
                                             ],
                                             [
                                                 127.1854591,
                                                 35.8545092
                                             ],
                                             [
                                                 127.1843862,
                                                 35.8544136
                                             ],
                                             [
                                                 127.1812105,
                                                 35.8547788
                                             ],
                                             [
                                                 127.1807921,
                                                 35.8543701
                                             ],
                                             [
                                                 127.1801591,
                                                 35.8545527
                                             ],
                                             [
                                                 127.179451,
                                                 35.8537614
                                             ],
                                             [
                                                 127.1779168,
                                                 35.8534483
                                             ],
                                             [
                                                 127.176125,
                                                 35.8536049
                                             ],
                                             [
                                                 127.1758783,
                                                 35.8533614
                                             ],
                                             [
                                                 127.1742368,
                                                 35.8536222
                                             ],
                                             [
                                                 127.1741402,
                                                 35.8540309
                                             ],
                                             [
                                                 127.1721768,
                                                 35.8542744
                                             ],
                                             [
                                                 127.1684968,
                                                 35.8537005
                                             ],
                                             [
                                                 127.1679712,
                                                 35.8544483
                                             ],
                                             [
                                                 127.1677244,
                                                 35.8572918
                                             ],
                                             [
                                                 127.1671128,
                                                 35.8589005
                                             ],
                                             [
                                                 127.1626871,
                                                 35.8652913
                                             ],
                                             [
                                                 127.160418,
                                                 35.8706383
                                             ],
                                             [
                                                 127.1584439,
                                                 35.8724727
                                             ],
                                             [
                                                 127.1561372,
                                                 35.875785
                                             ],
                                             [
                                                 127.15294,
                                                 35.8784321
                                             ],
                                             [
                                                 127.151894,
                                                 35.8786016
                                             ],
                                             [
                                                 127.1518157,
                                                 35.8786777
                                             ],
                                             [
                                                 127.1511429,
                                                 35.8793318
                                             ],
                                             [
                                                 127.151041,
                                                 35.8822874
                                             ],
                                             [
                                                 127.1456337,
                                                 35.8933264
                                             ],
                                             [
                                                 127.1406555,
                                                 35.8982805
                                             ],
                                             [
                                                 127.1336388,
                                                 35.9013223
                                             ],
                                             [
                                                 127.1249566,
                                                 35.9012618
                                             ],
                                             [
                                                 127.1186614,
                                                 35.901218
                                             ],
                                             [
                                                 127.1166014,
                                                 35.9000708
                                             ],
                                             [
                                                 127.1075892,
                                                 35.8975157
                                             ],
                                             [
                                                 127.1035552,
                                                 35.8971506
                                             ],
                                             [
                                                 127.0957017,
                                                 35.89503
                                             ],
                                             [
                                                 127.0888352,
                                                 35.8936828
                                             ],
                                             [
                                                 127.0855093,
                                                 35.894804
                                             ],
                                             [
                                                 127.0826018,
                                                 35.8965422
                                             ],
                                             [
                                                 127.0784497,
                                                 35.8979589
                                             ],
                                             [
                                                 127.076025,
                                                 35.8980284
                                             ],
                                             [
                                                 127.0720661,
                                                 35.8982718
                                             ],
                                             [
                                                 127.0675599,
                                                 35.898602
                                             ],
                                             [
                                                 127.0622706,
                                                 35.8986542
                                             ],
                                             [
                                                 127.0599961,
                                                 35.8973418
                                             ],
                                             [
                                                 127.0552969,
                                                 35.8939435
                                             ],
                                             [
                                                 127.0518958,
                                                 35.8927267
                                             ],
                                             [
                                                 127.0491922,
                                                 35.8926572
                                             ],
                                             [
                                                 127.0461774,
                                                 35.8932656
                                             ],
                                             [
                                                 127.0427656,
                                                 35.8950734
                                             ],
                                             [
                                                 127.0411026,
                                                 35.8959599
                                             ],
                                             [
                                                 127.0405555,
                                                 35.8970289
                                             ],
                                             [
                                                 127.0396221,
                                                 35.8971767
                                             ],
                                             [
                                                 127.0383126,
                                                 35.8978111
                                             ],
                                             [
                                                 127.0295643,
                                                 35.8978134
                                             ],
                                             [
                                                 127.0284947,
                                                 35.8979894
                                             ],
                                             [
                                                 127.0278928,
                                                 35.8979876
                                             ],
                                             [
                                                 127.0275028,
                                                 35.8979555
                                             ],
                                             [
                                                 127.0255414,
                                                 35.8975929
                                             ],
                                             [
                                                 127.024205,
                                                 35.8972352
                                             ],
                                             [
                                                 127.0223144,
                                                 35.8965861
                                             ],
                                             [
                                                 127.0211409,
                                                 35.8964936
                                             ],
                                             [
                                                 127.0202936,
                                                 35.8964408
                                             ],
                                             [
                                                 127.0201272,
                                                 35.8962761
                                             ],
                                             [
                                                 127.0197781,
                                                 35.8959421
                                             ],
                                             [
                                                 127.019418,
                                                 35.8956287
                                             ],
                                             [
                                                 127.0194229,
                                                 35.895513
                                             ],
                                             [
                                                 127.01945,
                                                 35.8954304
                                             ],
                                             [
                                                 127.0194337,
                                                 35.8953595
                                             ],
                                             [
                                                 127.0194408,
                                                 35.8953358
                                             ],
                                             [
                                                 127.0194385,
                                                 35.8952592
                                             ],
                                             [
                                                 127.0194593,
                                                 35.895057
                                             ],
                                             [
                                                 127.019462,
                                                 35.89485
                                             ],
                                             [
                                                 127.0194349,
                                                 35.8946033
                                             ],
                                             [
                                                 127.0193695,
                                                 35.8943236
                                             ],
                                             [
                                                 127.0195376,
                                                 35.8942099
                                             ],
                                             [
                                                 127.0180673,
                                                 35.8946215
                                             ],
                                             [
                                                 127.0177006,
                                                 35.8947289
                                             ],
                                             [
                                                 127.0174175,
                                                 35.8948579
                                             ],
                                             [
                                                 127.0165339,
                                                 35.8952405
                                             ],
                                             [
                                                 127.0151929,
                                                 35.8955944
                                             ],
                                             [
                                                 127.0133861,
                                                 35.8955365
                                             ],
                                             [
                                                 127.0111732,
                                                 35.8952354
                                             ],
                                             [
                                                 127.0102989,
                                                 35.8950949
                                             ],
                                             [
                                                 127.0075338,
                                                 35.8946388
                                             ],
                                             [
                                                 127.0033783,
                                                 35.8938109
                                             ],
                                             [
                                                 127.0006948,
                                                 35.8932071
                                             ],
                                             [
                                                 127.0006067,
                                                 35.8929207
                                             ],
                                             [
                                                 127.0005411,
                                                 35.8927424
                                             ],
                                             [
                                                 127.0006737,
                                                 35.8919648
                                             ],
                                             [
                                                 127.000803,
                                                 35.8916333
                                             ],
                                             [
                                                 127.0010806,
                                                 35.8907679
                                             ],
                                             [
                                                 127.0014549,
                                                 35.8902443
                                             ],
                                             [
                                                 127.0015791,
                                                 35.8900173
                                             ],
                                             [
                                                 127.0015452,
                                                 35.8893042
                                             ],
                                             [
                                                 126.9999,
                                                 35.8875986
                                             ],
                                             [
                                                 126.999317,
                                                 35.8869133
                                             ],
                                             [
                                                 126.998724,
                                                 35.8859453
                                             ],
                                             [
                                                 126.9982953,
                                                 35.8852006
                                             ],
                                             [
                                                 126.9982428,
                                                 35.8851094
                                             ],
                                             [
                                                 126.9978435,
                                                 35.8841789
                                             ]
                                         ]
                                     ]
                 }
}
